Country Name;Country Code;Indicator Name;Indicator Code;1960;1961;1962;1963;1964;1965;1966;1967;1968;1969;1970;1971;1972;1973;1974;1975;1976;1977;1978;1979;1980;1981;1982;1983;1984;1985;1986;1987;1988;1989;1990;1991;1992;1993;1994;1995;1996;1997;1998;1999;2000;2001;2002;2003;2004;2005;2006;2007;2008;2009;2010;2011;2012;2013;2014;2015;2016;2017;2018
Aruba;ABW;Physicians (per 1,000 people);SH.MED.PHYS.ZS;;;;;;;;;;;;;;;;;;;;;;;;;;;;;;;;;;;;1.12;;;;;;;;;;;;;;;;;;;;;;;
Afghanistan;AFG;Physicians (per 1,000 people);SH.MED.PHYS.ZS;35;;;;;63;;;;;65;;;;;;;;;;;77;;;;;183;179;;129;109;;;143;;;;0.11;;;;0.1899;;;;;0.1596;0.1743;0.1744;0.2126;0.2365;0.2518;0.2414;0.2846;0.2983;285;0.2782;;
Angola;AGO;Physicians (per 1,000 people);SH.MED.PHYS.ZS;67;;;;;76;;;;;116;;;;;;;;;;;;;;59;;;;;;42;;;;;;;0.0592;;;;;;;0.0621;;;;;0.1313;;;;;;;;0.2146;
Albania;ALB;Physicians (per 1,000 people);SH.MED.PHYS.ZS;276;;;;;481;;;;;739;911;845;;;;;1.036;;;1.367;;;1.415;1.407;1.406;;;;;1.3743;1.4611;1.6217;1.4131;1.345;1.3634;1.3806;1.3885;1.3904;1.282;1.3821;1.31;1.1695;1.1863;1.1913;;1.1838;1.1951;;1.2297;1.2347;1.2217;1.2683;1.2773;;;1.2164;;
Andorra;AND;Physicians (per 1,000 people);SH.MED.PHYS.ZS;;;;;;;;;;;;;;;;;;;;;;;;;;;;;;;;;;;;2.2379;;2.4572;2.5273;2.594;2.5688;2.6003;2.9;3.3333;3.1324;3.2319;3.0123;3.0109;;3.1479;4;;;;;3.3333;;;
Arab World;ARB;Physicians (per 1,000 people);SH.MED.PHYS.ZS;;;;;;;;;;;;;;;;;;;;;;;;;;;;;;;0.718831470472512;;;;;;;;;;1.11805023872225;;;;;;;;;;1.47780000313924;;;;;;;1.03217680932744;
United Arab Emirates;ARE;Physicians (per 1,000 people);SH.MED.PHYS.ZS;;;;;;;;;;;909;;;;;;;;;;1.068;;;;953;;;;;;;;;;;;;;;;1.8015;1.9829;2.0027;2.0763;1.9176;1.5193;1.3298;1.4053;1.6405;1.5177;1.4195;1.4369;1.4767;1.7413;1.9953;2.2111;2.371;2.4356;2.5278
Argentina;ARG;Physicians (per 1,000 people);SH.MED.PHYS.ZS;1.351;;;;;1.667;;;;;1.892;;;;;1.869;;;;;;;;;2.683;2.705;2.984;;3.032;;2.68;;2.6484;;;2.68;;;3.0169;;;3.2481;;;3.1857;3.21;;;;;3.21;;;3.9385;;;4.0013;3.9901;
Armenia;ARM;Physicians (per 1,000 people);SH.MED.PHYS.ZS;;;;;;;;;;;;;;;;;;;;;;;;;;;;;;;747;0.7386;0.7415;0.7187;0.6956;686;0.6625;0.6533;673;0.6928;2.7007;2.6187;2.5633;2.4563;2.4604;2.5643;2.5897;2.6724;2.7432;2.7679;2.8419;2.8677;2.8968;2.9031;2.8928;2.9143;;4.4023;
American Samoa;ASM;Physicians (per 1,000 people);SH.MED.PHYS.ZS;;;;;;;;;;;;;;;;;;;;;;;;;772;;;;;;;;;;;;;;;781;;;;;;;;;;;;;;;;;;;
Antigua and Barbuda;ATG;Physicians (per 1,000 people);SH.MED.PHYS.ZS;294;;;;;;;;;;349;;;;;;;;;;;;;;;;;;;;0.76;919;;3.03;;0.76;1.141;;;0.1606;;;;;;;;1.7143;0.5269;;;;;;;;;2.956;
Australia;AUS;Physicians (per 1,000 people);SH.MED.PHYS.ZS;;1.1;;;;;1.2;;;;;1.2;;;;;1.5;;;;;1.8;;;1.8;1.9;2;2.1;2.1;2.1;2.2;2.3;2.4;2.4;2.4;2.4;2.5313;2.4;2.4;2.4;2.5;2.4942;2.5;;;2.7794;2.8338;2.9954;3.0056;3.1085;3.3429;3.2878;3.2858;3.353;3.4314;3.4886;3.5672;3.6778;
Austria;AUT;Physicians (per 1,000 people);SH.MED.PHYS.ZS;1.2;1.4;1.4;1.4;1.4;1.4;1.4;1.4;1.4;1.4;1.4;1.4;1.4;1.4;1.4;1.5;1.5;1.5;1.5;1.6;;;;;;;;;;;2.9909;3.0813;3.2174;3.3018;3.4028;3.4932;3.5622;3.6383;3.7642;3.7613;3.8492;3.9616;4.0337;4.1173;4.2095;4.3355;4.4684;4.5528;4.6169;4.706;4.8016;4.8398;4.8859;4.9744;5.0359;5.1035;5.1234;5.1697;
Azerbaijan;AZE;Physicians (per 1,000 people);SH.MED.PHYS.ZS;;;;;;;;;;;;;;;;;;;;;3.362;;;;;3.799;3.877;3.906;3.964;3.99;3.7959;3.8232;3.7711;3.8021;3.7507;3.7576;3.7171;3.643;3.5641;3.5367;3.5743;3.548;3.5618;3.5505;3.5568;3.5819;3.5649;3.7124;3.6844;3.6751;3.6629;3.4376;3.4901;3.4558;3.446;;;;
Burundi;BDI;Physicians (per 1,000 people);SH.MED.PHYS.ZS;0.01;;;;;17;;;;;17;;;;;12;;;;;;;;;47;;58;;;;58;59;;56;;55;;;;;52;;;;28;;;;;;0.0482;0.0399;0.0539;0.0581;0.0619;0.05;0.05;0.1001;
Belgium;BEL;Physicians (per 1,000 people);SH.MED.PHYS.ZS;1.3;1.3;1.4;1.4;1.4;1.5;1.5;1.5;1.6;1.6;;1.5;1.6;1.7;1.8;1.9;1.9;2;2.1;2.2;2.3;2.4;2.5;2.8;2.7;2.8;2.9;3;3.1;3.2;3.3;3.3;3.4;3.4;3.5;3.5;3.6;3.7;3.7;2.7929;2.8204;2.8397;2.8497;2.8454;2.8522;2.8521;2.8664;2.8855;2.9021;2.9078;2.9085;2.9219;2.9393;2.9585;2.9723;3.0138;3.0679;3.0709;
Benin;BEN;Physicians (per 1,000 people);SH.MED.PHYS.ZS;0.04;;;;;0.03;;;;;34;;;;;;;;;;59;59;;75;;73;;;;71;51;42;55;57;61;58;;;;;;;;;0.0401;;;;0.0623;;0.0558;0.0577;0.1646;0.1849;;;0.0481;;0.0791
Burkina Faso;BFA;Physicians (per 1,000 people);SH.MED.PHYS.ZS;11;;;;;14;;;;;0.01;;;;;;;;;;18;18;;18;;;4;;;29;;;;;;34;35;38;;;;0.04;;;0.0543;;28;;0.0322;0.0446;0.0457;0.0386;0.0475;47;0.0487;0.0657;0.0645;0.0847;
Bangladesh;BGD;Physicians (per 1,000 people);SH.MED.PHYS.ZS;;;;;;123;;;;;119;;;;;;;;;;0.12;;;;;154;144;;;;177;188;;;;201;;0.2;;;;0.2498;;0.2714;0.2809;0.3084;0.3167;0.3293;342;0.3544;0.3635;0.3839;0.4001;0.4218;0.4887;0.4858;0.4974;0.5433;0.5809
Bulgaria;BGR;Physicians (per 1,000 people);SH.MED.PHYS.ZS;1.405;;;;;1.667;;;;;1.863;1.896;1.985;2.042;2.102;2.152;2.205;2.258;2.321;2.408;2.46;2.484;2.588;2.688;2.759;2.865;2.953;3.022;;;3.2231;3.0524;3.1164;3.3182;3.315;3.4691;3.5687;3.4895;3.4993;;3.4416;3.4279;3.5199;3.6042;3.5387;3.6651;3.6805;3.68;3.6488;3.7401;3.7661;3.8467;3.8995;3.963;3.975;4.0332;;;
Bahrain;BHR;Physicians (per 1,000 people);SH.MED.PHYS.ZS;0.45;;;;;;;;;;429;;;;;;;;;;1.087;;;;;1.219;;;;;;1.315;;0.11;;;;1;;;1.0202;1.0636;1.0774;1.0479;0.9677;1.0436;1.0142;1.0155;0.9896;0.9695;0.9493;0.9451;957;0.9536;0.9573;0.9257;;;
Bahamas, The;BHS;Physicians (per 1,000 people);SH.MED.PHYS.ZS;496;;;;;;;;;;0.76;;;;;;;;;;938;;;;943;;;;;;1.29;;;1.446;;1.49;1.518;;1.0736;;;;;;;;;;2.7553;;;2.3081;;;;;;2.0068;
Bosnia and Herzegovina;BIH;Physicians (per 1,000 people);SH.MED.PHYS.ZS;;;;;;;;;;;;;;;;;;;;;1.033;1.089;1.17;1.207;1.28;1.362;1.419;1.485;;;1.5755;1.6083;;;;;;;1.427;1.401;1.4547;1.4499;1.4478;1.4776;1.509;1.5332;1.5754;1.6429;1.6714;1.738;1.7987;1.8794;1.949;2.0355;2.1326;2.1616;;;
Belarus;BLR;Physicians (per 1,000 people);SH.MED.PHYS.ZS;;;;;;;;;;;;;;;;;;;;;;;;;;;;;;;2.9109;2.8961;2.9409;2.9571;3.0191;3.0496;3.1175;3.161;3.226;3.2903;3.2998;3.2801;3.2988;3.3184;3.302;3.3145;3.3795;3.5306;3.1477;3.2845;3.2498;4.7611;4.8352;4.8534;5.012;5.1905;;;
Belize;BLZ;Physicians (per 1,000 people);SH.MED.PHYS.ZS;242;;;;;;;;;;342;;;;;;;;;;;;;;272;;451;;472;;639;;;493;;0.6;548;;;;1.015;;;;;;;;;0.7658;828;;1.145;;0.5659;;;1.1229;
Bermuda;BMU;Physicians (per 1,000 people);SH.MED.PHYS.ZS;;;;;;;;;;;;;;;;;;;;;;;;;;;;;;;;;;;;1.2;;1.766;;;;;;;;;;;;;;;;;;;;;
Bolivia;BOL;Physicians (per 1,000 people);SH.MED.PHYS.ZS;267;;;;;311;;;;;509;;;;;0.49;;;;;;523;;;697;;;;;;0.45;;;426;;0.34;;1.299;;;;1.2038;;;;;;0.3316;;;0.4385;0.4671;;;;;1.5901;;
Brazil;BRA;Physicians (per 1,000 people);SH.MED.PHYS.ZS;374;;;;;0.4;;;;;492;;;;;624;;;;;;767;;;927;1.467;;;1.185;;1.0864;998;1.1399;1.1672;1.1952;1.225;1.2555;1.291;1.2759;1.3734;1.1337;1.3895;1.4181;1.475;1.587;1.6663;1.7007;1.7306;1.7802;1.8171;1.8139;1.8491;;1.882;;;;2.1652;2.1643
Barbados;BRB;Physicians (per 1,000 people);SH.MED.PHYS.ZS;329;;;;;;;;;;523;;;;;;;;;;;;;;891;;;;;;1.14;;;1.254;;1.3459;;;;1.21;1.3444;1.5413;;;;1.7698;;;;;1.811;;;;;;;2.4843;
Brunei Darussalam;BRN;Physicians (per 1,000 people);SH.MED.PHYS.ZS;146;;;;;;;;;;0.3;;;;;;;;;;435;487;;;534;;;;;;;746;;;;;848;;;;1.0084;;1.1534;;1.2883;1.0682;1.0775;1.048;1.4866;1.1592;1.4488;1.5443;1.4937;1.6222;1.5105;1.7812;;1.609;
Bhutan;BTN;Physicians (per 1,000 people);SH.MED.PHYS.ZS;;;;;;;;;;;;;;;;;;;;;;125;102;;;;;;;;333;;;;0.17;0.16;;;;51;;;;;0.1847;;;0.2166;0.2546;;23;;0.2765;0.2858;0.3393;0.3448;0.4059;0.4024;0.4242
Botswana;BWA;Physicians (per 1,000 people);SH.MED.PHYS.ZS;42;;;;;36;;;;;64;;;;;133;;;;;123;134;;144;;;;;0.2;194;;;;194;238;;;;0.2691;0.3148;0.3037;0.3045;0.3144;0.3033;405;259;0.3219;378;0.3738;0.3547;0.4122;0.4064;0.4015;;;;0.5269;;
Central African Republic;CAF;Physicians (per 1,000 people);SH.MED.PHYS.ZS;0.02;;;;;0.03;;;;;23;;;;;;;;;;43;44;43;;;;;;;39;38;;;55;;35;;;;;;;;;0.0836;;;;0.0405;0.0473;;;;;;0.0721;;;
Canada;CAN;Physicians (per 1,000 people);SH.MED.PHYS.ZS;;1.1;1.2;1.3;1.3;1.3;1.3;1.3;1.3;1.4;1.4;1.5;1.6;1.6;1.6;1.7;1.7;1.7;1.8;1.8;1.8;1.8;1.9;1.9;1.9;2;2;2.1;2.1;2.1;2.1;2.1;2.1;2.2;2.1;2.1;2.1;2.1;1.8611;2.1;;1.8871;1.8969;;1.8971;;1.9086;;1.959;;2.0384;;2.3962;2.4509;2.4961;2.5388;2.3105;2.6102;
Central Europe and the Baltics;CEB;Physicians (per 1,000 people);SH.MED.PHYS.ZS;;;;;;;;;;;;;;;;;;;;;;;;;;;;;;;2.50205156942019;;;;;;;;;;2.5662740449481;;;;;;;;;;2.71013280388559;;;;;;;3.13091118119246;
Switzerland;CHE;Physicians (per 1,000 people);SH.MED.PHYS.ZS;1.4;1.4;1.4;1.4;1.4;1.4;1.4;1.4;1.4;1.5;1.5;1.6;1.6;1.7;1.8;1.9;2;2.1;2.2;2.4;2.5;2.6;2.6;2.6;2.6;2.7;2.8;2.9;3;2.9;3;3;3;3.1;3.1;3.2;3.2278;3.3;3.3;3.4;3.5298;3.5373;3.59;3.7516;3.788;3.8207;3.8589;3.8518;3.8298;3.8476;3.8166;3.8355;3.9102;4.0303;4.1171;4.1898;4.2473;4.2957;
Channel Islands;CHI;Physicians (per 1,000 people);SH.MED.PHYS.ZS;1.019;;;;;;;;;;1.2;;;;;;;;;;1.457;1.522;;;;;;;;;;;;;;;;;;;;;;;;;;;;;;;;;;;;;
Chile;CHL;Physicians (per 1,000 people);SH.MED.PHYS.ZS;559;;;;;473;;;;;463;;;;;;;;;516;;;;;817;;;;;;1.1;1.066;0.9949;;1.103;1.08;;;1.153;;;;0.8921;0.9466;0.9842;0.9804;1.0404;1.0365;1.0389;1.0294;1.4333;1.5854;1.7471;1.8806;2.0278;2.147;2.2937;2.4411;2.5912
China;CHN;Physicians (per 1,000 people);SH.MED.PHYS.ZS;;;;;;1.07;0.96;0.94;0.91;0.88;0.86;0.85;0.86;0.89;0.92;0.96;1;1.03;;1.12;;1.25;1.3;1.32;1.33;;1.35;1.37;1.47;1.54;1.1015;1.55;1.55;1.55;1.58;1.1664;1.1725;1.1865;1.1839;1.212;1.2356;1.055;1.1134;;;1.2127;1.247;1.2676;1.3166;1.3922;1.4532;1.4637;1.5367;1.6332;1.6877;1.7732;1.8647;1.9798;
Cote d'Ivoire;CIV;Physicians (per 1,000 people);SH.MED.PHYS.ZS;33;;;;;48;;;;;64;;;;;;;;;;;;;;;71;;;;;88;;;;;;0.09;;;;;;;;0.1158;0.0925;;;0.1401;;144;0.1531;;;0.2314;;;;
Cameroon;CMR;Physicians (per 1,000 people);SH.MED.PHYS.ZS;34;;;;;37;;;;;34;;;;;72;;;;71;;;;;;;;;;84;82;;84;73;;;74;;;;;;;;181;0.0592;;0.0704;;68;0.0842;0.0881;;;;;;;
Congo, Dem. Rep.;COD;Physicians (per 1,000 people);SH.MED.PHYS.ZS;15;;;;;28;;;;;35;;;;;36;;;;73;;;;;;;;75;;;66;;;;;;69;;;;;;;;107;;;;;0.0934;;;;0.0899;;;74;;
Congo, Rep.;COG;Physicians (per 1,000 people);SH.MED.PHYS.ZS;0.06;;;;;68;;;;;101;;;;;;;;174;;;;119;;;252;252;;;;276;;;;;251;;;0.7301;;;;;;0.2154;;0.2088;0.1035;;;0.1156;0.1645;;;;;;;
Colombia;COL;Physicians (per 1,000 people);SH.MED.PHYS.ZS;354;;;;;377;;;;;0.42;;;;;;;478;;;;;;;;;;;;;1.0145;1.0613;1.1057;1.1469;1.1743;;1.2306;1.2632;1.2964;1.3276;;;1.4376;;;1.4727;1.4959;1.5192;1.5428;1.5668;1.5917;1.6966;1.74;1.8431;1.8534;1.9742;2.0335;2.1064;2.1848
Comoros;COM;Physicians (per 1,000 people);SH.MED.PHYS.ZS;;;;;;;;;;;;;;;;;;;;;;;;;84;;;;163;;113;;127;;;;;74;;;;;;;0.1926;0.1897;;;;0.1901;;;0.1699;;;;0.2715;;
Cabo Verde;CPV;Physicians (per 1,000 people);SH.MED.PHYS.ZS;77;;;;;;;;;;82;;;;;;;;;;176;;;0.2;;;329;;342;;;;234;;;;171;;;;;;;;493;;;;;0.5157;0.5928;0.5853;0.5146;0.6019;;0.7814;;;
Costa Rica;CRI;Physicians (per 1,000 people);SH.MED.PHYS.ZS;391;;;;;517;;;;;614;;;;;;;;;679;;;;;0.99;;;968;881;;1.26;;;883;845;854;864;872;901;1.719;1.3133;;;;;;2.0415;2.0905;2.1577;2.2178;2.3057;2.3721;2.4578;1.1411;2.6434;1.3794;1.3759;2.9533;2.8939
Caribbean small states;CSS;Physicians (per 1,000 people);SH.MED.PHYS.ZS;;;;;;;;;;;;;;;;;;;;;;;;;;;;;;;0.614124792124676;;;;;;;;;;;;;;;;;;;;0.931923428449556;;;;;;;1.88306037580274;
Cuba;CUB;Physicians (per 1,000 people);SH.MED.PHYS.ZS;946;;;;;876;;;;;822;;;;;;;;;;;1.388;;;1.886;;;;3;;3.651;3.9944;4.3646;4.7311;4.9882;5.22;5.4966;5.6984;5.7509;5.8516;5.9316;5.9406;5.9894;6.0572;6.1965;6.2686;6.3483;6.4363;6.6345;6.6698;6.8152;6.9969;7.2901;7.4183;7.5673;7.769;7.9541;8.295;8.4218
Curacao;CUW;Physicians (per 1,000 people);SH.MED.PHYS.ZS;;;;;;;;;;;;;;;;;;;;;;;;;;;;;;;;;;;;;;;;;;;;;;;;;;;;;;;;;;;
Cayman Islands;CYM;Physicians (per 1,000 people);SH.MED.PHYS.ZS;;;;;;;;;;;;;;;;;;;;;;;;;;;;;;;1.7;;;;;1.7;;1.939;;;;;;;;;;;;;;;;;;;;;
Cyprus;CYP;Physicians (per 1,000 people);SH.MED.PHYS.ZS;;;;;;;;;;;;;;;;;;;;;;973;;;;;;;;;1.5627;1.6154;1.7087;1.7599;1.8253;1.8787;1.8834;1.8907;1.8939;2.119;1.9082;1.915;1.8782;1.8619;1.9121;1.8965;1.8374;2.0147;2.0507;2.1064;2.1562;2.2484;2.296;2.4076;2.4993;2.6236;1.9509;;
Czech Republic;CZE;Physicians (per 1,000 people);SH.MED.PHYS.ZS;;;;;;;;;;;1.8;1.9;1.9;1.9;2;2;2.1;2.1;2.1;2.2;;;;;;;;;;;2.7112;2.6652;2.6702;2.8564;2.925;2.9872;2.9742;3.1016;3.0215;3.0712;3.3631;3.4293;3.487;3.512;3.5067;3.491;3.5534;3.5544;3.5415;3.5032;3.5166;3.5606;3.6502;3.6628;3.9345;3.9516;4.0194;4.0676;4.1208
Germany;DEU;Physicians (per 1,000 people);SH.MED.PHYS.ZS;;;;;;;;;;;;;;;;;;;;;;;;;;;;;;;;2.7732;2.8498;2.9418;3.0112;3.0745;3.123;3.1407;3.1871;3.224;3.2785;3.329;3.36;3.3896;3.4104;3.4314;3.4748;3.5287;3.5863;3.6638;3.7567;3.8491;3.9197;4.0087;4.0846;4.1342;4.1944;4.2488;
Djibouti;DJI;Physicians (per 1,000 people);SH.MED.PHYS.ZS;157;;;;;;;;;;284;;;;;;;;;;;224;;;238;;;;;;162;;;;;191;0.14;;;0.1329;;;;;0.1672;0.1788;0.2328;;;;229;;;;0.2237;;;;
Dominica;DMA;Physicians (per 1,000 people);SH.MED.PHYS.ZS;133;;;;;;;;;;161;;;;;;;;;;;;;;339;;;;;;0.46;528;;;;0.47;493;0.5382;;;;1.7791;;;;;;;;;;;;;;;;1.1189;
Denmark;DNK;Physicians (per 1,000 people);SH.MED.PHYS.ZS;;;;;;;;;;;;;;;;;;;;;;;;;;;;;;;2.4952;2.4309;2.5974;2.6141;2.6406;2.6827;2.7036;2.78;2.8571;2.8829;2.9119;2.9333;3.0383;3.083;3.2276;3.3333;3.4192;3.4527;3.5768;3.6488;3.7211;3.7808;3.8243;3.8335;3.8632;3.9257;4.0099;;
Dominican Republic;DOM;Physicians (per 1,000 people);SH.MED.PHYS.ZS;121;;;;;588;;;;;;;;;;435;;;;;;;;;564;;;;1.074;;1.49;;;1.054;;1.5;;2.156;;;1.8498;;;;;;;;1.098;;;1.5268;;;;;;1.56;
Algeria;DZA;Physicians (per 1,000 people);SH.MED.PHYS.ZS;173;;;;;116;;;;;123;;;;;;;;;0.38;;;;;427;;;;429;;942;;;821;;846;;;1;;;;1.1103;;;1.0242;;1.1958;;;1.207;;;;;;1.8325;1.7879;1.7193
East Asia & Pacific (excluding high income);EAP;Physicians (per 1,000 people);SH.MED.PHYS.ZS;;;;;;;;;;;;;;;;;;;;;;;;;;;;;;;0.847646864804667;;;;;;;;;;1.00163180544447;;;;;;;;;;1.18538355777889;;;;;;;1.5714756921643;
Early-demographic dividend;EAR;Physicians (per 1,000 people);SH.MED.PHYS.ZS;;;;;;;;;;;;;;;;;;;;;;;;;;;;;;;0.872556988156477;;;;;;;;;;0.753169417379159;;;;;;;;;;0.868410377328572;;;;;;;0.973857510112349;
East Asia & Pacific;EAS;Physicians (per 1,000 people);SH.MED.PHYS.ZS;;;;;;;;;;;;;;;;;;;;;;;;;;;;;;;0.923572760965346;;;;;;;;;;1.09046377039739;;;;;;;;;;1.2905596293045;;;;;;;1.66466123787043;
Europe & Central Asia (excluding high income);ECA;Physicians (per 1,000 people);SH.MED.PHYS.ZS;;;;;;;;;;;;;;;;;;;;;;;;;;;;;;;3.47298702879366;;;;;;;;;;2.39631692867343;;;;;;;;;;2.54340710529466;;;;;;;3.18776019013654;
Europe & Central Asia;ECS;Physicians (per 1,000 people);SH.MED.PHYS.ZS;;;;;;;;;;;;;;;;;;;;;;;;;;;;;;;3.12305368288513;;;;;;;;;;2.72811317835574;;;;;;;;;;2.95730281011593;;;;;;;3.44169360051627;
Ecuador;ECU;Physicians (per 1,000 people);SH.MED.PHYS.ZS;396;;;;;335;;;;;348;;;;;351;;637;;;;;;;;;;;;;0.9564;1.1654;1.1994;1.1083;1.2733;1.2458;1.3149;1.3275;1.313;1.3724;1.4459;1.5439;1.5667;1.4974;;;;;;1.5983;2.1111;1.6582;;;;2.0648;2.0368;;
Egypt, Arab Rep.;EGY;Physicians (per 1,000 people);SH.MED.PHYS.ZS;391;;;;;435;;;;;527;;;;;536;;;;;1.065;1.364;1.365;;;;1.304;;;;0.76;;;;1.84;;2.02;1.6;;;2.118;;;0.5285;;2.401;;2.604;;2.804;2.83;;;;1.138;0.8217;0.8214;0.7993;0.4521
Euro area;EMU;Physicians (per 1,000 people);SH.MED.PHYS.ZS;;;;;;;;;;;;;;;;;;;;;;;;;;;;;;;3.13822602865171;;;;;;;;;;3.26274256247217;;;;;;;;;;3.52854482603928;;;;;;;3.93393517293785;
Eritrea;ERI;Physicians (per 1,000 people);SH.MED.PHYS.ZS;;;;;;;;;;;;;;;;;;;;;;;;;;;;;;;;;;19;;;0.03;;;;;;;;79;;;;;;;;;;;;0.0628;;
Spain;ESP;Physicians (per 1,000 people);SH.MED.PHYS.ZS;;;;;;;;;;;;;;;;;;;;;;;;;;;;;;;2.0305;3.901;3.9608;4.0292;4.087;4.088;2.7462;2.8691;2.9244;3.0454;3.1158;3.1002;3.0932;3.1928;3.4135;2.7605;2.8206;2.8747;2.9847;3.0395;3.0292;3.0473;3.1396;3.1425;3.1657;3.2166;3.8112;3.8723;
Estonia;EST;Physicians (per 1,000 people);SH.MED.PHYS.ZS;;;;;;;;;;;;;;;;;;;;;2.938;;;;;3.35;3.408;3.484;;;3.5127;3.5654;3.2904;3.2202;3.2119;3.1996;3.1438;3.2156;3.0788;3.1386;3.1242;3.0502;3.0867;3.1153;3.1791;3.143;3.1762;3.2508;3.3348;3.2767;3.2422;3.2929;3.2822;3.3318;3.3564;3.4152;3.4546;3.4629;4.4833
Ethiopia;ETH;Physicians (per 1,000 people);SH.MED.PHYS.ZS;9;;;;;14;;;;;12;;;;;12;;;;;11;11;;;13;;;;31;;;;;;29;;25;23;21;0.02;21;28;29;0.0268;0.0269;0.0321;0.0269;0.0224;0.0251;0.0252;22;;;;;;0.0464;0.0986;0.0769
European Union;EUU;Physicians (per 1,000 people);SH.MED.PHYS.ZS;;;;;;;;;;;;;;;;;;;;;;;;;;;;;;;2.9500012971797;;;;;;;;;;3.08197543203875;;;;;;;;;;3.35588113906822;;;;;;;3.74764443543072;
Fragile and conflict affected situations;FCS;Physicians (per 1,000 people);SH.MED.PHYS.ZS;;;;;;;;;;;;;;;;;;;;;;;;;;;;;;;0.275911620015671;;;;;;;;;;0.424608113598627;;;;;;;;;;0.297706778262486;;;;;;;0.372125612666105;
Finland;FIN;Physicians (per 1,000 people);SH.MED.PHYS.ZS;;;;;;;;;;;;;;;;;;;;;;;;;;;;;;;2.8922;2.982;3.055;3.1301;3.2071;2.2;2.3;2.4;2.4;2.7589;2.8541;2.8563;2.892;2.9215;2.9509;2.9913;3.0262;3.0351;3.0618;3.0861;3.2653;3.1221;3.2854;3.2966;3.3922;3.3309;3.8118;;
Fiji;FJI;Physicians (per 1,000 people);SH.MED.PHYS.ZS;495;;;;;;;;;;471;;;;;476;;;;;448;;494;;;;;;;358;;;472;;376;;;476;357;0.3361;;;;0.4656;;;;;0.3986;0.4358;426;;;0.8156;;0.86;;;
France;FRA;Physicians (per 1,000 people);SH.MED.PHYS.ZS;;;;;;;;;;;1.2;1.3;1.3;1.4;1.4;1.5;1.5;1.6;1.7;1.8;1.9;2;2.1;2.1;2.5;2.7;2.8;2.8;2.9;3;3.1043;3.1557;3.2066;3.233;3.266;3.2852;3.3038;3.3215;3.3337;3.3345;3.3547;3.3871;3.4105;3.4238;3.4395;3.441;3.4357;3.4189;3.4156;3.3693;3.3736;3.1622;3.1745;3.1948;3.2115;3.2239;3.2376;3.2565;3.2672
Faroe Islands;FRO;Physicians (per 1,000 people);SH.MED.PHYS.ZS;;;;;;;;;;;;;;;;;;;;;;;;;;;;;;;;;;;;;;;;;;;;;;;;;;;;;;;;;;;
Micronesia, Fed. Sts.;FSM;Physicians (per 1,000 people);SH.MED.PHYS.ZS;;;;;;;;;;;;;;;;;;;;;;;;;;;;;;;;;;451;;;;;;573;0.5959;;;0.5613;;0.5844;;;0.6184;0.1942;177;;;;;;;;
Gabon;GAB;Physicians (per 1,000 people);SH.MED.PHYS.ZS;117;;;;;;;;;;191;;;;;;;;;;;457;;433;;518;;;246;494;;0.1937;;0.2185;262;0.2959;;;;;;;;;0.2918;;;;0.0968;;;;;;;;0.3561;0.6819;
United Kingdom;GBR;Physicians (per 1,000 people);SH.MED.PHYS.ZS;0.8;0.9;0.9;0.9;0.9;0.9;0.9;0.9;0.9;0.9;0.9;1;1;1.1;1.1;1.1;1.2;1.2;1.2;1.3;;;;;;;;;;;1.6204;1.6349;1.648;1.6849;1.6984;1.7573;1.797;1.8528;1.8963;1.9106;1.9913;2.0416;2.1146;2.204;2.3357;2.412;2.459;2.4844;2.5543;2.6279;2.6265;2.6603;2.6667;2.6774;2.7149;2.7465;2.7563;2.7863;2.8117
Georgia;GEO;Physicians (per 1,000 people);SH.MED.PHYS.ZS;;;;;;;;;;;3.2;3.3;3.32;3.4;3.475;3.63;3.72;3.81;3.95;4;4.123;4.212;4.319;4.333;4.471;4.611;4.699;4.808;4.868;4.971;4.926;4.898;4.726;5.003;4.899;4.792;3.0644;3.6517;3.8036;3.8719;3.8371;3.7156;3.8069;3.8267;3.8009;3.8164;3.8683;3.9027;4.0001;4.2219;4.4466;4.5004;4.4868;4.5145;4.7754;5.0055;5.9973;6.1297;7.1201
Ghana;GHA;Physicians (per 1,000 people);SH.MED.PHYS.ZS;47;;;;;73;;;;;78;;;;;78;;;;;;;;;67;;;49;;43;;;;;;;62;;;;;;0.09;;0.1523;;;0.0725;0.0787;0.0841;0.0938;0.0979;0.0956;0.1686;;;127;0.1359;
Gibraltar;GIB;Physicians (per 1,000 people);SH.MED.PHYS.ZS;;;;;;;;;;;;;;;;;;;;;;;;;;;;;;;;;;;;;;;;;;;;;;;;;;;;;;;;;;;
Guinea;GIN;Physicians (per 1,000 people);SH.MED.PHYS.ZS;36;;;;;22;;;;;0.02;;;;;;;;;;;22;22;;;26;;;;;134;;;;152;0.13;;;;;0.0927;;;;0.1106;0.1032;;;;;0.1;;;;;0.0855;0.0832;;
Gambia, The;GMB;Physicians (per 1,000 people);SH.MED.PHYS.ZS;43;;;;;;;;;;41;;;;;0.04;;;;;;;;;;81;;;;;;;;16;;;;35;;;;;;0.1076;0.1109;0.1075;0.11;97;0.1036;;38;;;;;0.1021;;;
Guinea-Bissau;GNB;Physicians (per 1,000 people);SH.MED.PHYS.ZS;45;;;;;;;;;;52;;;;;;;;;;141;;;;;144;;;;;;;;;177;;166;;;;;;;;0.1431;;;;0.0539;0.0836;45;64;;;;0.2038;0.1274;;
Equatorial Guinea;GNQ;Physicians (per 1,000 people);SH.MED.PHYS.ZS;167;;;;;;;;;;86;;;;;;;;;;;;;;;;;;;;281;;;;;208;246;;;;;;;;0.2134;;;;;;;;;;;;;0.4017;
Greece;GRC;Physicians (per 1,000 people);SH.MED.PHYS.ZS;1.3;1.2;1.3;1.3;1.4;1.4;1.4;1.5;1.5;1.6;1.6;1.7;1.7;1.9;2;2;2.1;2.2;2.3;2.3;2.4;2.5;2.6;2.8;2.9;2.9;3.1;3.3;;;3.3577;3.61;3.7176;3.8083;3.8034;3.8342;3.8322;3.9455;4.0795;4.1825;4.2637;4.3059;4.5024;4.6551;4.8013;3.384;3.4833;3.6707;3.7576;3.8709;3.9442;4.0414;4.1343;4.2155;5.2167;5.2527;5.4036;5.4789;
Grenada;GRD;Physicians (per 1,000 people);SH.MED.PHYS.ZS;222;;;;;;;;;;346;;;;;;;;;;;;;;0.49;;;;553;;0.5;;;578;;0.65;;0.4035;;0.5762;0.5642;562;0.5598;0.5577;;;0.6578;;;;;;;;;;;1.4067;
Greenland;GRL;Physicians (per 1,000 people);SH.MED.PHYS.ZS;1.169;;;;;;;;;;905;;;;;;;;;;1.135;;;;;;;;;;;;;;;;;;;;;;;;;;;;;;;;;;;;;;
Guatemala;GTM;Physicians (per 1,000 people);SH.MED.PHYS.ZS;184;;;;;271;;;;;274;;;;;;;;;;;;;;0.47;;;;0.26;;0.78;;;0.25;;1.1;;933;;0.8751;;;;;;;;;;0.9039;;;;;;;;;0.3549
Guam;GUM;Physicians (per 1,000 people);SH.MED.PHYS.ZS;;;;;;;;;;;;;;;;;;;;;;;;;;;1.187;;;;;;;;;;;;;1.084;;;;;;;;;;;;;;;;;;;
Guyana;GUY;Physicians (per 1,000 people);SH.MED.PHYS.ZS;255;;;;;;;;;;235;;;;;249;;;;;;;;;165;168;;;;;0.17;;;112;;0.33;;181;;;0.4902;;;;;;;;;0.2153;0.6872;;;;;;;;0.8023
High income;HIC;Physicians (per 1,000 people);SH.MED.PHYS.ZS;;;;;;;;;;;;;;;;;;;;;;;;;;;;;;;2.20667749421021;;;;;;;;;;2.55353413056842;;;;;;;;;;2.74993094079105;;;;;;;3.06290406977581;
Hong Kong SAR, China;HKG;Physicians (per 1,000 people);SH.MED.PHYS.ZS;327;;;;;396;;;;;663;;;;;672;;;;;826;;;;;;932;;;;;;;1.204;1.271;1.319;;;;;;;;;;;;;;;;;;;;;;;
Honduras;HND;Physicians (per 1,000 people);SH.MED.PHYS.ZS;81;;;;;0.19;;;;;269;;;;;269;;;;331;;332;;;691;;;;829;;0.7;411;;;;0.65;;832;;;0.5591;;;;;0.3593;;;;;295;;;0.9839;;;0.5982;0.3089;
Heavily indebted poor countries (HIPC);HPC;Physicians (per 1,000 people);SH.MED.PHYS.ZS;;;;;;;;;;;;;;;;;;;;;;;;;;;;;;;0.0875801083375911;;;;;;;;;;0.113461452716124;;;;;;;;;;0.104949745706225;;;;;;;0.172416767016528;
Croatia;HRV;Physicians (per 1,000 people);SH.MED.PHYS.ZS;;;;;;;;;;;;;;;;;;;;;1.673;1.738;1.808;1.858;1.88;;;;;;2.969;2.6746;2.7167;2.7459;2.741;2.7192;2.7253;2.7458;2.5971;2.5007;2.3574;2.3938;2.4089;2.4653;2.5304;2.5353;2.5739;2.7047;2.7113;2.7211;2.8428;2.8958;2.9731;3.0178;3.1258;3.1728;2.9996;;
Haiti;HTI;Physicians (per 1,000 people);SH.MED.PHYS.ZS;105;;;;;0.07;;;;;0.08;;;;;81;;;;;;0.11;;;141;137;;;143;;0.08;;84;92;;0.16;;;0.2384;;;;;;;;;;;;;0.1378;;;;0.0852;;;0.2343
Hungary;HUN;Physicians (per 1,000 people);SH.MED.PHYS.ZS;1.5;1.6;1.7;1.7;1.8;1.9;1.9;2;1.9;2;2;2.1;2.1;2.2;2.2;2.2;2.3;2.3;2.4;2.5;2.3;2.3;2.4;2.4;2.5;2.5;2.6;2.7;2.7;2.7;3.1688;3.2673;3.335;3.2911;3.3427;3.3465;3.3899;3.4415;3.516;3.5501;3.0033;3.246;3.6681;3.7708;3.3345;2.7816;3.0406;2.8121;3.1049;3.0399;2.8896;2.9811;3.1062;3.2284;3.3443;3.1178;3.2313;3.3447;3.4075
IBRD only;IBD;Physicians (per 1,000 people);SH.MED.PHYS.ZS;;;;;;;;;;;;;;;;;;;;;;;;;;;;;;;1.25041700564725;;;;;;;;;;1.10036175647419;;;;;;;;;;1.25357898142829;;;;;;;1.54441864690612;
IDA & IBRD total;IBT;Physicians (per 1,000 people);SH.MED.PHYS.ZS;;;;;;;;;;;;;;;;;;;;;;;;;;;;;;;1.08105139743191;;;;;;;;;;0.960712060432779;;;;;;;;;;1.04472694782179;;;;;;;1.2763314128976;
IDA total;IDA;Physicians (per 1,000 people);SH.MED.PHYS.ZS;;;;;;;;;;;;;;;;;;;;;;;;;;;;;;;0.317166704958753;;;;;;;;;;0.375900269647895;;;;;;;;;;0.36826157568354;;;;;;;0.463567216287582;
IDA blend;IDB;Physicians (per 1,000 people);SH.MED.PHYS.ZS;;;;;;;;;;;;;;;;;;;;;;;;;;;;;;;0.560242107858366;;;;;;;;;;0.631028082116968;;;;;;;;;;0.592440465665954;;;;;;;0.750369869979602;
Indonesia;IDN;Physicians (per 1,000 people);SH.MED.PHYS.ZS;21;;;;;32;;;;;37;;;;;37;;;;85;;0.08;;106;;;;;;142;144;148;;58;0.16;;;;;;162;;;0.1339;;;0.13;288;;0.1448;0.1395;;0.3075;0.3118;;0.2738;;0.3767;0.4269
IDA only;IDX;Physicians (per 1,000 people);SH.MED.PHYS.ZS;;;;;;;;;;;;;;;;;;;;;;;;;;;;;;;0.175140346506549;;;;;;;;;;0.223230331698175;;;;;;;;;;0.252633347716154;;;;;;;0.321825542331077;
Isle of Man;IMN;Physicians (per 1,000 people);SH.MED.PHYS.ZS;248;;;;;0.26;;;;;308;;;;;;;;;;;684;;;;;787;;;;577;;;;;;;;;;;;;;;;;;;;1.449;;;;;;;;
India;IND;Physicians (per 1,000 people);SH.MED.PHYS.ZS;0.21;;;;;205;;;;;205;;;;;204;;;;;371;0.27;;;396;;;;407;;;1.2208;0.48;407;;;;;513;;0.5258;0.5368;0.5552;0.5627;0.5717;0.5758;0.5852;0.5984;0.6136;622;0.6616;0.7376;0.6982;0.7182;0.7247;;759;0.7779;0.8571
Not classified;INX;Physicians (per 1,000 people);SH.MED.PHYS.ZS;;;;;;;;;;;;;;;;;;;;;;;;;;;;;;;;;;;;;;;;;;;;;;;;;;;;;;;;;;;
Ireland;IRL;Physicians (per 1,000 people);SH.MED.PHYS.ZS;;;;;;;;;;;;;;;;;;;;;;;;;;;;;;;1.5523;1.7042;2.0103;2.0333;1.9981;2.1054;2.1058;2.1366;2.197;2.2696;2.2304;2.3856;2.4166;2.5803;2.7454;3.5427;3.6638;3.8986;4.0144;4.0388;4.1326;4.0938;3.9423;3.9314;3.0292;3.1498;3.2323;3.2946;3.3125
Iran, Islamic Rep.;IRN;Physicians (per 1,000 people);SH.MED.PHYS.ZS;244;;;;;257;;;;;306;;;;;;;;;;;338;;;;;347;376;318;;;;;318;;;0.85;;1.049;;;;;;0.8817;0.8869;0.5361;;;;0.89;;;;1.5044;1.1526;;1.1292;1.5844
Iraq;IRQ;Physicians (per 1,000 people);SH.MED.PHYS.ZS;195;;;;;0.2;;;;;309;;;;;;;;;;563;568;;;;;596;576;;;603;;;603;;;;;0.55;;;543;;;658;0.66;;528;;;0.6636;;;;1.0364;;0.8536;0.8375;0.7079
Iceland;ISL;Physicians (per 1,000 people);SH.MED.PHYS.ZS;1.2;1.2;1.2;1.2;1.2;1.2;1.2;1.2;1.3;1.3;1.4;1.5;1.6;1.6;1.7;1.8;1.9;1.9;2;2;2.1;2.2;2.3;2.3;2.4;2.6;2.6;2.7;2.7;2.8;2.8;2.8;3;3;3;3;3.1;3.3;0.5667;3.4;3.4522;3.4995;3.6067;3.6354;3.6276;3.6339;3.6537;3.6894;3.7182;3.6761;3.5654;3.456;3.5074;3.5697;3.6306;3.7826;3.8892;3.9773;4.0778
Israel;ISR;Physicians (per 1,000 people);SH.MED.PHYS.ZS;2.472;;;;;2.5;;;;;2.881;2.974;3.156;3.304;;;;;;2.694;;;;;;;;;;;3.7131;3.9472;4.3503;4.3437;4.3472;4.3359;4.3527;4.3826;4.3788;4.4045;3.822;3.8398;3.851;3.8513;3.8126;3.754;3.6935;3.6293;3.5637;3.543;3.5191;3.5177;3.5075;3.4866;3.4669;3.4618;3.4632;3.4783;4.6249
Italy;ITA;Physicians (per 1,000 people);SH.MED.PHYS.ZS;;;;;;;;;;;;;;;;;;;;;;;;;;;;;;;4.6706;4.8488;4.9892;5.4781;5.5844;5.673;5.7347;5.8366;5.9177;5.9882;3.4586;3.5129;3.5584;3.6149;3.6809;3.7017;3.6985;3.7751;3.7806;3.7898;3.816;3.8846;3.8514;3.9044;3.9048;3.8479;3.9504;3.9805;3.9774
Jamaica;JAM;Physicians (per 1,000 people);SH.MED.PHYS.ZS;386;;;;;502;;;;;0.38;;;;;;;;;361;;359;;;489;;;;;;0.57;;;472;;0.57;1.401;1.401;;;;;;0.8315;;;;;0.3965;;;;354;0.4677;0.3798;0.4147;0.4549;1.3061;
Jordan;JOR;Physicians (per 1,000 people);SH.MED.PHYS.ZS;346;;;;;0.37;;;;;404;;;;;378;;;;;786;1.114;1.128;;1.159;;;;;;;1.348;;;1.625;;;1.66;0.9889;1.925;1.8692;2.0369;2.2031;2.2773;2.0426;2.239;2.2911;2.4426;2.2231;2.1287;2.2326;;;2.1947;2.2038;2.8078;1.3954;2.3237;
Japan;JPN;Physicians (per 1,000 people);SH.MED.PHYS.ZS;1;1;1;1;1;1;1;1;1;1.1;1.1;1.1;1.1;1.1;1.1;1.1;1.1;1.2;1.2;1.2;;1.3;;;;1.5;;;;;1.7011;;1.753;;1.8287;;1.9022;;1.9558;;2.0058;;2.054;;2.1089;;2.0746;;2.1394;;2.2059;;2.274;;2.3413;;2.4115;;
Kazakhstan;KAZ;Physicians (per 1,000 people);SH.MED.PHYS.ZS;;;;;;;;;;;;;;;;;;;;;;;;;;;;;;;4.0453;3.9404;4.0668;3.9839;3.801;3.7959;3.7066;3.3752;3.501;3.366;3.2804;3.4399;3.583;3.6168;3.5907;3.6038;3.6983;3.6547;3.7161;3.7808;3.9278;3.9483;3.9108;3.9508;3.98;;;;
Kenya;KEN;Physicians (per 1,000 people);SH.MED.PHYS.ZS;92;;;;;75;;;;;125;;;;;127;;;;;;99;0.12;;;154;;;;;45;;;138;;132;;;;;;;0.1335;;;;;;0.1664;0.1686;0.1696;0.1748;0.1825;0.1907;0.1959;;;;0.1565
Kyrgyz Republic;KGZ;Physicians (per 1,000 people);SH.MED.PHYS.ZS;;;;;;;;;;;;;;;;;;;;;;3.088;;;;;;;;;3.4401;3.4741;3.4118;3.1335;3.0926;3.1486;3.2322;3.0503;2.9836;2.9033;2.8043;2.6959;2.5862;2.5735;2.561;2.5167;2.4489;2.358;2.3528;2.3409;2.3394;2.286;2.2623;2.2614;2.213;;;;
Cambodia;KHM;Physicians (per 1,000 people);SH.MED.PHYS.ZS;28;;;;;45;;;;;62;;;;;;;;;;;;;58;;;;;;;;;107;104;105;;0.1135;;0.1475;296;0.1684;;;;;;;;0.2444;0.2378;0.2302;0.2263;0.1651;0.4758;0.1927;;;;
Kiribati;KIR;Physicians (per 1,000 people);SH.MED.PHYS.ZS;541;;;;;;;;;;613;;;;;;;;;;516;;;;;;497;;;;193;176;186;0.13;;;;;;;;;;;;;;;253;327;0.3984;0.1433;;0.2039;;;;;
St. Kitts and Nevis;KNA;Physicians (per 1,000 people);SH.MED.PHYS.ZS;235;;;;;;;;;;312;;;;;;;;;;0.36;;;;458;;;;;;0.6948;0.6931;0.7617;0.7786;0.9375;1.0926;1.1294;1.1189;1.0648;1.055;1.095;1.0987;;;;;;;;;;;;;;2.6758;;;
Korea, Rep.;KOR;Physicians (per 1,000 people);SH.MED.PHYS.ZS;;;;;;;;;;;;;;;;;;;;;;0.5;0.5;0.5;0.6;0.6;0.6;0.7;0.7;0.8;0.8;0.9;1;1;1.1;1.1;1.2;1.2;1.3;1.3;1.3;1.4;1.5;1.573;1.6909;1.7529;1.8047;1.8655;1.8407;1.9185;1.9839;2.0361;2.0798;2.1632;2.207;2.2494;2.3037;2.3608;
Kuwait;KWT;Physicians (per 1,000 people);SH.MED.PHYS.ZS;871;;;;;1.263;;;;;954;;;;;;;;;;1.698;1.412;1.62;;;;1.566;;;;183;;;;;1.783;;1.89;;;;;;1.9;1.5;1.8;1.4543;1.8814;1.8806;1.8929;2.4296;2.456;2.4662;2.5332;2.6522;2.6463;;;
Latin America & Caribbean (excluding high income);LAC;Physicians (per 1,000 people);SH.MED.PHYS.ZS;;;;;;;;;;;;;;;;;;;;;;;;;;;;;;;1.22281015593538;;;;;;;;;;1.62697678603112;;;;;;;;;;1.91880078390181;;;;;;;2.25162364920039;
Lao PDR;LAO;Physicians (per 1,000 people);SH.MED.PHYS.ZS;0.02;;;;;41;;;;;66;;;;;;51;;;;;;;;;729;;;;;234;;;;;0.3417;586;;;;285;;;;0.3532;0.2806;;;;197;0.7809;;0.18;0.4493;0.4949;;;0.3726;
Lebanon;LBN;Physicians (per 1,000 people);SH.MED.PHYS.ZS;778;;;;;938;;;;;726;;;;;;;;;1.693;;1.714;;1.255;;;;;;1.862;;1.326;;1.862;;;;2.1;;;;2.8827;;;;;2.4707;2.3464;;;2.3385;2.6201;;2.2486;2.0735;2.103;2.0115;2.0255;2.1038
Liberia;LBR;Physicians (per 1,000 people);SH.MED.PHYS.ZS;77;;;;;0.08;;;;;79;;;;;0.08;;;;;;106;;107;;;;;;;;;;;;;;23;;;;;;;0.0328;;;;0.0141;24;0.0231;;;;;0.0376;;;
Libya;LBY;Physicians (per 1,000 people);SH.MED.PHYS.ZS;152;;;;;259;;;;;368;;;;;;;;;;1.333;1.633;1.562;1.44;;;;;;;1.071;;;1.441;;;;1.2448;;;;;;;1.2381;;;;1.8425;1.9578;1.9;;;;2.0583;1.8943;;2.0905;
St. Lucia;LCA;Physicians (per 1,000 people);SH.MED.PHYS.ZS;139;;;;;;;;;;187;;;;;;;;;;;;;;285;;;;;;0.35;393;;544;;0.56;;473;;;;819;0.4391;0.4673;0.4203;508;;185;0.1588;0.1045;1.6485;1.8063;2.1392;2.4394;2.6809;;;0.6409;
Latin America & Caribbean;LCN;Physicians (per 1,000 people);SH.MED.PHYS.ZS;;;;;;;;;;;;;;;;;;;;;;;;;;;;;;;1.2345098120637;;;;;;;;;;1.61560960732371;;;;;;;;;;1.91124881321425;;;;;;;2.27803657722442;
Least developed countries: UN classification;LDC;Physicians (per 1,000 people);SH.MED.PHYS.ZS;;;;;;;;;;;;;;;;;;;;;;;;;;;;;;;0.0873392760362051;;;;;;;;;;0.140524259880264;;;;;;;;;;0.193349426598801;;;;;;;0.274552487073481;
Low income;LIC;Physicians (per 1,000 people);SH.MED.PHYS.ZS;;;;;;;;;;;;;;;;;;;;;;;;;;;;;;;0.13782852903516;;;;;;;;;;0.172268027241759;;;;;;;;;;0.296730296743289;;;;;;;0.334980675882924;
Liechtenstein;LIE;Physicians (per 1,000 people);SH.MED.PHYS.ZS;;;;;;;;;;;;;;;;;;;;;;;;;;;;;;;;;;;;;;;;;;;;;;;;;;;;;;;;;;;
Sri Lanka;LKA;Physicians (per 1,000 people);SH.MED.PHYS.ZS;223;;;;;172;;;;;169;;;;;169;;;;;;134;134;;;181;;;;146;;0.1391;0.1654;0.2071;0.1849;0.2218;0.2786;0.3047;0.3462;0.3747;0.4241;0.4433;;;0.5405;0.5218;0.5219;0.5555;0.6244;0.6826;0.7239;0.7391;0.7645;0.7983;0.8364;0.8624;0.8925;0.9277;1.0041
Lower middle income;LMC;Physicians (per 1,000 people);SH.MED.PHYS.ZS;;;;;;;;;;;;;;;;;;;;;;;;;;;;;;;0.87298656138629;;;;;;;;;;0.613794599051168;;;;;;;;;;0.698602110762523;;;;;;;0.760585195549804;
Low & middle income;LMY;Physicians (per 1,000 people);SH.MED.PHYS.ZS;;;;;;;;;;;;;;;;;;;;;;;;;;;;;;;1.07374839184352;;;;;;;;;;0.958878073220999;;;;;;;;;;1.05151013431036;;;;;;;1.28443281225233;
Lesotho;LSO;Physicians (per 1,000 people);SH.MED.PHYS.ZS;42;;;;;48;;;;;32;;;;;32;;;;;;;;;;71;;;;;43;;;0.05;;54;;;;;;;;0.0441;;;;;;;0.0692;;;;;;;;
Late-demographic dividend;LTE;Physicians (per 1,000 people);SH.MED.PHYS.ZS;;;;;;;;;;;;;;;;;;;;;;;;;;;;;;;1.39600067425242;;;;;;;;;;1.31023301060195;;;;;;;;;;1.56746730234317;;;;;;;2.10856063520665;
Lithuania;LTU;Physicians (per 1,000 people);SH.MED.PHYS.ZS;;;;;;;;;;;;;;;;;;;;;;;;;;3.72;3.816;3.885;3.941;3.977;4.027;3.905;3.3557;3.28;3.3219;3.3155;3.309;3.3398;3.3144;3.3124;3.2954;3.2914;3.3067;3.3104;3.293;3.2993;3.4223;3.4535;3.453;3.4323;3.4144;4.0238;4.1384;4.2042;4.2507;4.2993;4.7346;4.8257;6.3528
Luxembourg;LUX;Physicians (per 1,000 people);SH.MED.PHYS.ZS;1;1;1;1;1;1;1;1;1.1;1.1;1.1;1.2;1.2;1.2;1.2;1.3;1.3;1.3;1.5;1.6;1.7;1.5;1.7;1.7;1.7;1.8;1.9;1.8;1.9;2;2;2;2.1;2.1;2.2;2.2;2.3;2.4;2.4;2.5;2.5;2.5;2.6;2.7;2.73;2.5994;2.616;2.7227;2.7359;2.717;2.7683;2.7614;2.8047;2.8327;2.8891;2.9222;2.9052;3.009;
Latvia;LVA;Physicians (per 1,000 people);SH.MED.PHYS.ZS;;;;;;;;;;;;;;;;;;;;;3.623;;;;;4.099;4.077;4.112;4.183;4.162;4.6934;4.6063;4.0839;3.6199;3.4133;3.3482;3.4803;3.4219;3.2767;3.3391;3.4116;3.2832;3.3959;3.4188;3.5486;2.9432;3.0196;3.1464;3.2424;3.1485;3.0757;3.0837;3.0913;3.1408;3.1724;3.1656;3.1885;3.1905;
Macao SAR, China;MAC;Physicians (per 1,000 people);SH.MED.PHYS.ZS;0.41;;;;;;;;;;634;;;;;;;;;;1.067;1.122;;;;;2.428;1.562;;;;;;;;;;;;;;;;;;;;;;;;;;;;;;;
St. Martin (French part);MAF;Physicians (per 1,000 people);SH.MED.PHYS.ZS;;;;;;;;;;;;;;;;;;;;;;;;;;;;;;;;;;;;;;;;;;;;;;;;;;;;;;;;;;;
Morocco;MAR;Physicians (per 1,000 people);SH.MED.PHYS.ZS;106;;;;;82;;;;;76;;;;;76;;;;;;54;64;;;;;217;214;;;;;214;363;;;0.46;;;;483;;;531;;;0.5862;;0.6477;0.62;;;632;0.9135;;;0.7308;
Monaco;MCO;Physicians (per 1,000 people);SH.MED.PHYS.ZS;;;;;;;;;;;2.4;1.958;2.208;2.25;2.375;2.36;2.417;2.4;2.32;2.36;2.385;2.231;2.185;;;;;;;;;;2.8094;;;5.81;;;;;;;;;;;;;;;;6.4167;6.4384;7.7778;7.5067;;;;
Moldova;MDA;Physicians (per 1,000 people);SH.MED.PHYS.ZS;;;;;;;;;;;;;;;;;;;;;2.816;2.895;3.007;3.089;3.193;3.297;3.37;3.444;;;3.547;3.4724;3.4891;3.5366;3.5556;3.5115;3.5693;3.602;3.6662;3.245;2.4553;2.2925;2.3103;2.2824;2.1814;2.3783;2.3768;2.3871;2.3545;2.3912;2.3808;2.4142;2.4135;2.5028;2.4746;2.4836;;3.2066;
Madagascar;MDG;Physicians (per 1,000 people);SH.MED.PHYS.ZS;115;;;;;93;;;;;97;;;;;96;;;;;;99;;;;101;;;;;0.12;;;;;272;107;;;;;87;0.1362;0.1476;0.1562;0.1801;0.1705;0.1813;186;0.1813;0.1953;144;0.1427;0.1534;0.1812;;;;
Maldives;MDV;Physicians (per 1,000 people);SH.MED.PHYS.ZS;;;;;;;;;;;33;;;;;;;;;;;49;65;;;;;;;;0.07;0.1916;;0.2844;;0.4;0.6674;;;;777;;;;0.9701;;;1.6468;;1.4884;1.4356;;;;1.7701;2.8863;1.0379;3.7228;4.5627
Middle East & North Africa;MEA;Physicians (per 1,000 people);SH.MED.PHYS.ZS;;;;;;;;;;;;;;;;;;;;;;;;;;;;;;;0.692760362964257;;;;;;;;;;1.24547763492172;;;;;;;;;;1.57395597899206;;;;;;;1.32319141376965;
Mexico;MEX;Physicians (per 1,000 people);SH.MED.PHYS.ZS;;;;;;;;;;;;;;;;;;;;;;;;;;;;;;;1;1.1;1.3;1.4;1.5;1.6;1.6;1.4;1.2;1.7;1.9808;1.5;1.5;1.5;2.893;1.7651;1.881;1.9215;1.9494;1.979;2.2362;2.1004;2.1118;2.1568;2.207;2.3246;2.3244;2.3827;
Marshall Islands;MHL;Physicians (per 1,000 people);SH.MED.PHYS.ZS;;;;;;;;;;;;;;;;;;;;;;;;;;;;;;;;;;;;;422;;;;471;;;;;;;0.5536;456;;0.5674;0.5841;0.4233;;;;;;
Middle income;MIC;Physicians (per 1,000 people);SH.MED.PHYS.ZS;;;;;;;;;;;;;;;;;;;;;;;;;;;;;;;1.1368127314554;;;;;;;;;;1.01528061773176;;;;;;;;;;1.13422804183099;;;;;;;1.39887779793127;
North Macedonia;MKD;Physicians (per 1,000 people);SH.MED.PHYS.ZS;;;;;;;;;;;0.89;919;953;1.012;1.025;1.121;1.114;1.158;1.238;1.311;;;;;;;;;;;2.2022;2.251;2.295;2.1991;2.1941;2.2705;2.2318;2.2459;2.2404;2.1779;2.1894;2.1828;2.2319;2.1662;2.1828;2.1317;2.5142;2.446;2.5947;2.5926;2.6759;2.7257;2.7744;2.7956;;2.8736;;;
Mali;MLI;Physicians (per 1,000 people);SH.MED.PHYS.ZS;14;;;;;19;;;;;23;;;;;23;;;;;39;38;;;;39;;43;54;;51;;;;47;43;63;;;;44;;;;0.0851;;;0.0776;49;0.0923;0.1021;0.1037;0.1071;;;;0.1395;;0.1286
Malta;MLT;Physicians (per 1,000 people);SH.MED.PHYS.ZS;891;;;;;;;;;;1.072;1.026;;;;1.276;;;;;;1.172;1.266;;1.38;;;2.032;;;2.2099;2.3973;2.3784;2.4542;;;;2.4101;2.5407;2.591;2.6016;3.081;3.2656;3.128;;;3.88;3.351;3.3553;1.9169;2.153;2.2384;2.3566;2.4595;2.6592;2.8598;;;
Myanmar;MMR;Physicians (per 1,000 people);SH.MED.PHYS.ZS;65;;;;;85;;;;;114;;;;;;;;;;;203;;;;0.27;;;;81;78;;;;;293;;;;297;302;;;;0.3663;0.3797;0.4158;0.4393;0.4748;0.4883;0.5224;0.5506;0.5802;;;;0.6195;0.8638;677
Middle East & North Africa (excluding high income);MNA;Physicians (per 1,000 people);SH.MED.PHYS.ZS;;;;;;;;;;;;;;;;;;;;;;;;;;;;;;;0.574874334962323;;;;;;;;;;1.21427015603321;;;;;;;;;;1.44185585755041;;;;;;;1.06874853442543;
Montenegro;MNE;Physicians (per 1,000 people);SH.MED.PHYS.ZS;;;;;;;;;;;;;;;;;;;;;;;;;;;;;;;;;;;;;;;;1.8578;1.884;1.9129;1.9009;1.8547;1.9363;1.9517;1.9922;1.99;2.1117;2.1031;2.0439;2.0134;2.0387;2.1523;2.1861;2.3764;;;2.7557
Mongolia;MNG;Physicians (per 1,000 people);SH.MED.PHYS.ZS;0.91;;;;;1.378;;;;;1.729;;;;;;;;;;;;;;;;;;;;2.538;2.695;2.618;;;;;;2.433;2.54;;;2.7553;;;;;;2.8816;2.6704;2.7564;2.8671;3.0435;3.0922;3.1632;3.2194;2.8592;;
Northern Mariana Islands;MNP;Physicians (per 1,000 people);SH.MED.PHYS.ZS;;;;;;;;;;;;;;;;;;;;;;;;;;;;;;;;;;;;;;;;445;;;;;;;;;;;;;;;;;;;
Mozambique;MOZ;Physicians (per 1,000 people);SH.MED.PHYS.ZS;43;;;;;56;;;;;53;;;;;;;;;;25;27;26;;;21;;;;28;12;;;;;;;;;;24;;;;0.0258;;26;;26;0.0455;0.0487;0.0524;0.0546;0.0568;;0.0408;0.0497;0.0761;0.0838
Mauritania;MRT;Physicians (per 1,000 people);SH.MED.PHYS.ZS;24;;;;;27;;;;;56;;;;;55;;69;;;;;;;83;113;;;;;63;;;63;;138;;;;;;;;;0.1065;;;;;0.1311;0.1565;;;68;0.1582;171;;0.1847;0.1865
Mauritius;MUS;Physicians (per 1,000 people);SH.MED.PHYS.ZS;215;;;;;255;;;;;0.24;;;;;235;;;;;521;552;;;;529;;;;858;811;835;847;844;845;0.85;;;;;;;;;1.0718;;;1.1549;1.17;1.1857;1.2019;1.4467;1.3738;1.6296;1.9318;2.0246;2.1943;2.3147;2.5331
Malawi;MWI;Physicians (per 1,000 people);SH.MED.PHYS.ZS;27;;;;;21;;;;;13;;;;;;;;;;;19;;;87;;;;;23;22;;;28;;;;;;;;;;11;0.0216;;;;0.0187;0.0188;19;;;;;;0.0165;;0.0358
Malaysia;MYS;Physicians (per 1,000 people);SH.MED.PHYS.ZS;143;;;;;161;;;;;232;;;;;234;;;;;255;255;;;;315;335;348;367;374;392;393;411;431;449;478;496;658;;683;0.6961;;0.7031;;;;;;0.9216;;1.1691;1.2777;1.332;;;1.5358;;;
North America;NAC;Physicians (per 1,000 people);SH.MED.PHYS.ZS;;;;;;;;;;;;;;;;;;;;;;;;;;;;;;;1.82995642941219;;;;;;;;;;2.52484405109251;;;;;;;;;;2.39607900738701;;;;;;;2.6118180560805;
Namibia;NAM;Physicians (per 1,000 people);SH.MED.PHYS.ZS;;;;;;;;;;;;;;;;;;;;;;;;;;;;;;;;231;232;;;;;295;;;;;;;0.3135;;;0.3857;;;374;;;;;;;0.5914;0.4182
New Caledonia;NCL;Physicians (per 1,000 people);SH.MED.PHYS.ZS;;;;;;;;;;;;;;;;;;;;;;;;653;;;;;;;;;;;;;;;;1.982;;;;;;;;;;;;;;;;;;;
Niger;NER;Physicians (per 1,000 people);SH.MED.PHYS.ZS;11;;;;;16;;;;;17;;;;;16;;;;;;;;;25;;;;;;18;;27;;23;;24;35;33;;;;33;;0.0226;;;;0.0189;0.0277;19;;;0.0511;0.0272;0.0472;0.0433;;
Nigeria;NGA;Physicians (per 1,000 people);SH.MED.PHYS.ZS;17;;;;;43;;;;;0.05;;;;;49;;;;;113;;149;;;192;187;;;192;;;185;192;;;;;;;269;;;0.2648;;0.2824;0.3481;0.3784;0.3762;0.3782;0.1836;;;0.3828;;;0.4494;;0.3806
Nicaragua;NIC;Physicians (per 1,000 people);SH.MED.PHYS.ZS;0.34;;;;;378;;;;;453;;;;;0.46;;;;;416;426;;;637;;;;471;;657;;;;;0.82;;856;;;;;;0.3864;;0.4996;0.4924;0.5265;0.6486;0.7032;0.7278;0.8137;0.8605;0.8981;0.8946;0.9312;0.9537;0.9895;0.9775
Netherlands;NLD;Physicians (per 1,000 people);SH.MED.PHYS.ZS;1.1;1.1;1.1;1.1;1.1;1.2;1.2;1.2;1.2;1.2;1.2;1.3;1.4;1.4;1.5;1.6;1.7;1.7;1.8;1.8;;;;;;;;;;;2.5032;2.6;;;;;;;2.9;2.3768;2.4427;2.5193;2.5815;2.62;2.6469;2.6997;2.7791;2.7724;2.849;2.9057;2.9516;3.1243;3.2463;3.3058;3.3468;3.4917;3.547;3.6054;
Norway;NOR;Physicians (per 1,000 people);SH.MED.PHYS.ZS;1.2;;1.2;1.1;1.2;1.3;1.3;1.3;1.4;1.4;1.4;1.5;1.5;1.6;1.7;1.7;1.8;1.9;1.9;1.9;2;2;2.1;2.1;2.2;2.2;2.3;2.5;;;;2.6;2.6;0.3755;2.7;2.8;2.8;2.5;0.5288;2.8;2.9;3;2.0548;2.1015;2.2115;2.296;2.3597;2.4069;2.4077;2.4756;2.4949;2.5441;2.5532;2.5991;2.6832;2.6474;2.6983;2.8342;2.9164
Nepal;NPL;Physicians (per 1,000 people);SH.MED.PHYS.ZS;13;;;;;21;;;;;19;;;;;19;;;;;34;;;;31;34;;51;51;54;51;62;76;74;;0.04;0.04;0.04;0.04;;;52;;;0.2118;;;;;;;;0.5159;564;0.5951;;;0.9101;0.7486
Nauru;NRU;Physicians (per 1,000 people);SH.MED.PHYS.ZS;;;;;;;;;;;;;;;;;;;;;;;;;;;;;;;;;;;;1.5094;;;;;;;;;1.0101;;;;1.0101;1.0101;1.1;1.3861;;;;1.3462;;;
New Zealand;NZL;Physicians (per 1,000 people);SH.MED.PHYS.ZS;;1.1;;;;;1.1;;;;;1.1;;1.2;;;1.3;1.4;1.4;1.5;1.6;1.6;1.6;1.7;1.7;1.7;1.8;1.8;1.9;1.9;1.9;1.9;1.9;1.9;2;2;2;2.2;2.2;2.2;;2.3099;2.0665;2.2;;2.7942;2.8402;2.91;2.9793;3.0477;3.0658;3.1731;3.1957;3.2303;3.2374;3.2961;3.3833;3.4728;3.5898
OECD members;OED;Physicians (per 1,000 people);SH.MED.PHYS.ZS;;;;;;;;;;;;;;;;;;;;;;;;;;;;;;;2.08835133546011;;;;;;;;;;2.48486073706273;;;;;;;;;;2.66964973249858;;;;;;;2.94932841840938;
Oman;OMN;Physicians (per 1,000 people);SH.MED.PHYS.ZS;0.03;;;;;38;;;;;;;;;;;;;;;;;549;;;;;834;;883;0.7952;;;884;;1.1237;;0.8539;0.9321;0.9641;1.4365;;1.257;;1.5829;1.6653;1.7743;1.8471;1.888;1.9341;1.9274;1.9464;2.0169;2.0381;2.1481;2.0889;1.9249;1.9572;2.0031
Other small states;OSS;Physicians (per 1,000 people);SH.MED.PHYS.ZS;;;;;;;;;;;;;;;;;;;;;;;;;;;;;;;0.866387100389941;;;;;;;;;;;;;;;;;;;;0.955468778997752;;;;;;;1.22477152420247;
Pakistan;PAK;Physicians (per 1,000 people);SH.MED.PHYS.ZS;185;;;;;;;;;;232;;;;;233;;;;;285;344;342;;;;351;;;;462;0.48;0.5271;0.5381;0.55;563;0.5829;0.5987;0.6132;0.6284;0.6451;0.6593;;;0.7423;0.7882;;0.7619;0.7806;0.7951;0.8076;0.8311;859;0.8771;0.8972;0.9262;962;1.0005;0.9801
Panama;PAN;Physicians (per 1,000 people);SH.MED.PHYS.ZS;356;;;;;478;;;;;613;;;;;597;;;;;;993;;;1.021;1.006;;;1.793;;1.113;1.122;1.1441;1.1777;1.1255;1.1666;1.2055;1.2033;1.1932;1.2325;1.502;1.2439;1.3346;1.3403;1.3216;1.3477;1.3489;1.3032;1.3808;1.3092;1.4058;1.4976;1.5979;1.5821;;;1.5687;;
Peru;PER;Physicians (per 1,000 people);SH.MED.PHYS.ZS;0.51;;;;;605;;;;;521;;;;;526;;;;692;716;0.76;846;902;908;929;984;983;965;1.035;1.064;;1.03;;;0.98;;932;;1.1427;;;;;;;;1.6648;;0.9472;0.92;;1.1411;;;;1.3048;;
Philippines;PHL;Physicians (per 1,000 people);SH.MED.PHYS.ZS;146;;;;;;;;;;111;;;;;113;;;;;128;0.15;;;154;154;;;;124;119;;108;;;;1.23;1.24;;;1.2185;1.2201;1.1107;1.2256;1.108;1.2289;1.2361;1.2441;1.2558;1.2632;1.2717;;;;;;;0.6004;
Palau;PLW;Physicians (per 1,000 people);SH.MED.PHYS.ZS;;;;;;;;;;;;;;;;;;;;;;;;;;;;;;;;;;;;;;;1.413;;1.58;;;;;;1.3333;;;1.5847;1.6111;;;;1.4205;;;;
Papua New Guinea;PNG;Physicians (per 1,000 people);SH.MED.PHYS.ZS;;;;;;79;;;;;86;;;56;;85;;;;;62;62;;;;162;;;;;73;;;;;;;;73;;47;;;;;;;;0.0477;;0.0514;;;;;;;;0.0699
Poland;POL;Physicians (per 1,000 people);SH.MED.PHYS.ZS;1;1;1.1;1.1;1.2;1.2;1.3;1.3;1.4;1.4;1.4;1.5;1.5;1.5;1.6;1.6;1.6;1.7;1.7;1.7;1.8;1.8;1.8;1.9;1.9;2;2;2.1;;;2.1507;2.1775;2.1919;2.2288;2.2848;2.3251;2.3586;2.364;2.336;2.2693;2.2053;2.2504;2.2882;2.4188;2.2771;2.1267;2.1671;2.1776;2.1482;2.1593;2.1707;2.1997;2.2242;2.234;2.302;2.3252;2.4146;2.3788;
Pre-demographic dividend;PRE;Physicians (per 1,000 people);SH.MED.PHYS.ZS;;;;;;;;;;;;;;;;;;;;;;;;;;;;;;;0.125785257568428;;;;;;;;;;0.173877419067548;;;;;;;;;;0.148264044849549;;;;;;;0.230927148355938;
Puerto Rico;PRI;Physicians (per 1,000 people);SH.MED.PHYS.ZS;;;;;;;;;;;;;;;;;;;;;;;;;;;;;;;;;;;;1.75;;;;;;;;;;;;;;;;;;;;;;;
Korea, Dem. Peopleâ€™s Rep.;PRK;Physicians (per 1,000 people);SH.MED.PHYS.ZS;;;;;;;;;;;;;;;;;;;;;;;2.549;2.511;;;;;;;;;;;;2.97;;;;;;;;3.1686;;;;;3.288;;;2.777;3.4463;;3.5055;;3.7011;3.6834;
Portugal;PRT;Physicians (per 1,000 people);SH.MED.PHYS.ZS;0.8;0.8;0.9;0.8;0.8;0.9;0.9;0.9;1;0.9;0.9;1;1;1.1;1.2;1.2;1.3;1.5;1.7;1.9;;;;;;;;;;;2.8312;2.8582;2.8669;2.87;2.8823;2.9118;2.9878;3.0301;3.0889;3.1149;3.2026;3.2618;3.2996;3.3497;3.4206;3.4999;3.5654;3.6483;3.7405;3.8479;3.9756;4.1178;4.2361;4.3932;4.5567;4.7487;4.9397;5.124;
Paraguay;PRY;Physicians (per 1,000 people);SH.MED.PHYS.ZS;534;;;;;533;;;;;435;;;;;439;;;;563;;579;;;701;675;;;0.64;;0.65;813;;;0.28;0.73;;1.098;;;1.17;;1.1488;;;;;;;;;;1.2774;;;;;0.2399;1.3544
West Bank and Gaza;PSE;Physicians (per 1,000 people);SH.MED.PHYS.ZS;;;;;;;;;;;;;;;;;;;;;;;;;;;;;;;;;;;;;;;0.5;;;837;;;;;;;;;;;;;;;;;
Pacific island small states;PSS;Physicians (per 1,000 people);SH.MED.PHYS.ZS;;;;;;;;;;;;;;;;;;;;;;;;;;;;;;;0.27596149830882;;;;;;;;;;0.369345886933686;;;;;;;;;;0.350669153707871;;;;;;;0.49887749338644;
Post-demographic dividend;PST;Physicians (per 1,000 people);SH.MED.PHYS.ZS;;;;;;;;;;;;;;;;;;;;;;;;;;;;;;;2.39856024862537;;;;;;;;;;2.69535084474552;;;;;;;;;;2.88510460119914;;;;;;;3.17988601063044;
French Polynesia;PYF;Physicians (per 1,000 people);SH.MED.PHYS.ZS;;;;;;;;;;;;;;;;;;;;;;;;;;1.252;;;;;;;;;;;;;;;1.697;;;;;;;;;;;;;;;;;;
Qatar;QAT;Physicians (per 1,000 people);SH.MED.PHYS.ZS;;;;;;;;;;;513;;;;;;;;;;;738;;;;;1.676;;;;1.5;;;;;;1.26;1.26;;;;2.217;;;;2.4844;2.2617;;3.2087;3.0975;3.7273;;;;1.7351;;2.6944;0.0008;2.4852
Romania;ROU;Physicians (per 1,000 people);SH.MED.PHYS.ZS;1.269;;;;;1.316;;;;;1.185;1.208;;1.242;;1.318;1.332;1.355;1.377;1.413;1.476;1.541;1.635;1.972;1.724;1.762;1.783;1.79;1.805;1.811;1.802;1.816;1.866;1.77;1.7353;1.768;1.81;1.791;1.8388;1.909;1.9531;1.9816;2.096;1.905;2.2314;2.2126;2.2104;2.2915;2.4133;2.4414;2.4804;2.5153;2.5887;2.624;;;2.2565;2.9807;
Russian Federation;RUS;Physicians (per 1,000 people);SH.MED.PHYS.ZS;;;;;;;;;;;;;;;;;;;;;;;;;;3.871;3.939;4.004;4.04;4.085;4.5231;4.2717;2.2521;2.2569;2.2661;2.305;2.3372;2.3448;2.3702;2.3739;2.3225;2.2958;2.3193;2.3163;2.3099;2.3204;2.3721;2.3841;2.3812;2.3924;2.393;6.6305;4.1303;4.0705;4.0114;3.7494;4.0139;;
Rwanda;RWA;Physicians (per 1,000 people);SH.MED.PHYS.ZS;8;;;;;14;;;;;17;;;;;17;;;;;32;31;;29;;27;;;;0.04;;;;0.04;;;;;;;;;19;;49;24;;;52;55;55;0.0129;;0.1021;0.0909;0.1129;0.1226;0.1371;134
South Asia;SAS;Physicians (per 1,000 people);SH.MED.PHYS.ZS;;;;;;;;;;;;;;;;;;;;;;;;;;;;;;;1.0048669198583;;;;;;;;;;0.497980533813855;;;;;;;;;;0.641444189396657;;;;;;;0.835976883474639;
Saudi Arabia;SAU;Physicians (per 1,000 people);SH.MED.PHYS.ZS;61;;;;;106;;;;;134;;;;;;;;;;;0.55;;;;;1.346;;;;1.433;;;1.335;;;;1.66;;;0.7235;0.6822;;;1.37;;;1.622;2.0626;2.076;2.4074;2.4607;2.453;;2.5654;;2.3776;2.5366;2.6117
Sudan;SDN;Physicians (per 1,000 people);SH.MED.PHYS.ZS;0.03;;;;;41;;;;;68;;;;;68;;;;;0.11;101;;;96;;0.09;;;;;;;;105;;0.09;;;;158;;;;0.2499;;0.35;0.3503;0.3271;;0.28;;;;0.1903;0.4073;;0.2618;
Senegal;SEN;Physicians (per 1,000 people);SH.MED.PHYS.ZS;44;;;;;51;;;;;63;;;;;61;;;;;;79;77;;;;;;;;55;;68;;96;75;93;93;95;;;;;;0.0549;;;;0.0617;;59;;;0.3179;;0.2074;0.0711;0.0691;
Singapore;SGP;Physicians (per 1,000 people);SH.MED.PHYS.ZS;0.42;;;;;526;;;;;657;;;;;667;;;;;851;877;;;;998;723;;1.111;;1.266;1.32;1.348;1.385;1.411;;;;1.627;1.3465;;1.4095;;1.5451;1.5542;1.5819;1.5744;1.6127;1.6418;1.6758;1.7187;1.7232;1.7964;1.8958;2.0125;;2.2936;;
Solomon Islands;SLB;Physicians (per 1,000 people);SH.MED.PHYS.ZS;186;;;;;;;;;;205;;;;;;;;;;;;;;;;135;;;152;;;157;;;0.14;;;;0.1345;;;;0.1342;;0.1894;;;0.1768;;224;0.2013;0.1546;0.1873;;;0.1937;;
Sierra Leone;SLE;Physicians (per 1,000 people);SH.MED.PHYS.ZS;47;;;;;59;;;;;56;;;;;54;;;;;58;53;;;75;;;;;;;;;;;;73;;;;;;;;0.0309;;;;0.0155;;0.0212;0.0251;;;;;;;
El Salvador;SLV;Physicians (per 1,000 people);SH.MED.PHYS.ZS;187;;;;;;;;;;243;;;;;242;;;;;326;387;;;352;;;;647;;0.84;;;0.66;;0.91;;1.071;;1.2435;1.211;;1.3314;;;1.711;1.5;;1.8823;;1.596;;;;;;1.5662;;
San Marino;SMR;Physicians (per 1,000 people);SH.MED.PHYS.ZS;;;;;;;;;;;;;;;;;;;;;2.06;2.218;2.181;2.247;2.166;2.287;2.399;2.519;2.538;2.423;;;;;;;;;;;;;;;;;;;;;;4.8896;5.109;5.0307;6.1094;;;;
Somalia;SOM;Physicians (per 1,000 people);SH.MED.PHYS.ZS;24;;;;;27;;;;;37;;;;;38;;;;;46;41;;;71;;;;;;;;;42;;;;0.04;;;;;;;;;0.0279;;;;35;;;;23;;;;
Serbia;SRB;Physicians (per 1,000 people);SH.MED.PHYS.ZS;;;;;;;;;;;;;;;;;;;;;;;;;;;;;;;;;;;;;;;;;;;;2.2114;2.2693;2.2609;2.2858;2.3447;2.4215;2.4467;2.482;2.5003;2.4961;2.4945;2.4611;2.4603;3.1131;;
Sub-Saharan Africa (excluding high income);SSA;Physicians (per 1,000 people);SH.MED.PHYS.ZS;;;;;;;;;;;;;;;;;;;;;;;;;;;;;;;0.136694351162335;;;;;;;;;;0.124788901803804;;;;;;;;;;0.149208117851889;;;;;;;0.233827406451555;
South Sudan;SSD;Physicians (per 1,000 people);SH.MED.PHYS.ZS;;;;;;;;;;;;;;;;;;;;;;;;;;;;;;;;;;;;;;;;;;;;;;;;;;;;;;;;;;;
Sub-Saharan Africa;SSF;Physicians (per 1,000 people);SH.MED.PHYS.ZS;;;;;;;;;;;;;;;;;;;;;;;;;;;;;;;0.136694351162335;;;;;;;;;;0.124788901803804;;;;;;;;;;0.149307426147006;;;;;;;0.234008300377124;
Small states;SST;Physicians (per 1,000 people);SH.MED.PHYS.ZS;;;;;;;;;;;;;;;;;;;;;;;;;;;;;;;0.754797924999608;;;;;;;;;;;;;;;;;;;;0.911259053712274;;;;;;;1.3076168432568;
Sao Tome and Principe;STP;Physicians (per 1,000 people);SH.MED.PHYS.ZS;0.3;;;;;;;;;;233;;;;;;;;;;438;419;;537;;;;;;546;0.53;;328;;;;467;;;;;;;;527;;;;;;;;;;;0.3159;;0.0531;
Suriname;SUR;Physicians (per 1,000 people);SH.MED.PHYS.ZS;0.51;;;;;;;;;;465;;;;;;;;;;;;;;791;;;;;;0.75;;;762;;0.75;252;;;;0.4056;;;;0.8102;;;;;0.7054;;;;;;1.0463;1.1312;1.1849;1.2101
Slovak Republic;SVK;Physicians (per 1,000 people);SH.MED.PHYS.ZS;;;;;;;;;;;;;;;;;;;;;;;;;;;;;;;;;;;;;;;;3.3192;3.3475;3.3374;3.3122;3.271;3.3061;3.0224;3.1563;3.3747;3.3561;3.2953;3.351;3.2999;3.3598;3.3855;3.4214;3.4438;3.4664;3.4156;
Slovenia;SVN;Physicians (per 1,000 people);SH.MED.PHYS.ZS;;;;;;;;;;;;;;;;;;;;;1.771;;1.843;;1.861;1.879;1.882;2.004;2.024;2.063;1.99;2.079;2.091;2.03;2.19;2.121;2.135;2.147;2.1812;2.135;2.1527;2.1761;2.2342;2.2561;2.3058;2.3519;2.3672;2.3925;2.3994;2.4167;2.4367;2.4965;2.5406;2.6252;2.7628;2.8148;3.0007;3.0861;
Sweden;SWE;Physicians (per 1,000 people);SH.MED.PHYS.ZS;1;1;1;1;1.1;1.1;1.1;1.2;1.2;1.3;1.3;1.4;1.5;1.5;1.6;1.7;1.8;1.9;2;2;2.2;2.3;2.3;2.4;2.6;2.6;2.8;2.8;2.8;2.8;2.9;;2.7;2.7;2.8;2.847;2.8724;2.8873;2.9565;3.0048;3.0731;3.1767;3.2797;3.3509;3.4378;3.5107;3.596;3.676;3.7353;3.8065;3.8779;3.9569;4.0368;4.1259;4.2037;4.2856;3.984;;
Eswatini;SWZ;Physicians (per 1,000 people);SH.MED.PHYS.ZS;104;;;;;;;;;;124;;;;;;;;;;;;;53;;;;;;;108;;;;;;151;;;;;0.1766;;0.1564;0.1666;;;;;0.1636;;0.1017;;;;;0.3285;;
Sint Maarten (Dutch part);SXM;Physicians (per 1,000 people);SH.MED.PHYS.ZS;;;;;;;;;;;;;;;;;;;;;;;;;;;;;;;;;;;;;;;;;;;;;;;;;;;;;;;;;;;
Seychelles;SYC;Physicians (per 1,000 people);SH.MED.PHYS.ZS;312;;;;;;;;;;224;;;;;218;;;;;;;;407;;445;;;;;;;;1.027;;;1.324;;;;;;;;1.3844;1.1725;838;1.01;0.7735;1.1344;1.0953;1.1643;1.0043;;;;2.1212;;
Syrian Arab Republic;SYR;Physicians (per 1,000 people);SH.MED.PHYS.ZS;216;;;;;185;;;;;259;;;;;256;;;;;446;463;;;;;807;783;;863;835;;;;;;;1.2967;1.339;1.3359;1.3654;1.399;1.4676;1.4053;1.4522;1.5384;0.53;1.4882;1.4858;1.4113;1.4602;;;;1.5513;;1.2874;;
Turks and Caicos Islands;TCA;Physicians (per 1,000 people);SH.MED.PHYS.ZS;;;;;;;;;;;;;;;;;;;;;;;;;;;;;;;;;;;;;;;;;;;;;;;;;;;;;;;;;;;
Chad;TCD;Physicians (per 1,000 people);SH.MED.PHYS.ZS;14;;;;;14;;;;;16;;;;;;;;21;;;;;;;;26;;;26;;;;;33;;;26;0.0201;0.0288;0.0281;25;;;0.0354;;0.0352;;;;;;0.0413;0.0433;0.0445;0.0493;0.0471;0.0434;
East Asia & Pacific (IDA & IBRD countries);TEA;Physicians (per 1,000 people);SH.MED.PHYS.ZS;;;;;;;;;;;;;;;;;;;;;;;;;;;;;;;0.847646864804667;;;;;;;;;;1.00164508805378;;;;;;;;;;1.16526140723645;;;;;;;1.54518026517354;
Europe & Central Asia (IDA & IBRD countries);TEC;Physicians (per 1,000 people);SH.MED.PHYS.ZS;;;;;;;;;;;;;;;;;;;;;;;;;;;;;;;3.34652771289382;;;;;;;;;;2.37871635416576;;;;;;;;;;2.51401478177777;;;;;;;3.11856600169675;
Togo;TGO;Physicians (per 1,000 people);SH.MED.PHYS.ZS;21;;;;;43;;;;;35;;;;;35;;;;;55;49;;;117;;85;;;;;88;;;56;76;;;;;;57;;;0.0446;;;49;0.0574;;0.2554;;;;;0.0493;0.0128;0.0299;0.0774
Thailand;THA;Physicians (per 1,000 people);SH.MED.PHYS.ZS;129;;;;;0.14;;;;;121;;;;;;;;;;147;;;;0.16;;182;;0.21;;225;0.2237;234;0.2337;238;0.2385;269;0.2723;0.2915;0.2912;368;0.2982;0.2964;277;0.2911;293;0.2875;0.2959;0.3164;0.3387;0.3906;;;;;0.4651;445;0.8075;805
Tajikistan;TJK;Physicians (per 1,000 people);SH.MED.PHYS.ZS;;;;;;;;;;;;;;;;;;;;;;;;;;2.527;2.556;2.582;;;2.5599;2.6219;2.3755;2.169;2.2253;2.0996;2.0446;1.9832;2.0823;2.1186;2.1717;2.1241;2.041;1.9396;1.9512;1.9548;1.9166;1.8962;1.9292;1.6439;1.6975;1.7209;2.877;2.8691;2.1026;;;;
Turkmenistan;TKM;Physicians (per 1,000 people);SH.MED.PHYS.ZS;;;;;;;;;;;;;;;;;;;;;2.839;;;;;3.304;3.44;3.527;3.55;3.6;3.614;3.673;3.589;3.57;3.535;3.17;3.222;3.171;;;2.7475;2.7681;7.0946;2.6651;2.613;2.5038;2.3923;2.3414;2.3026;2.2911;2.2743;2.2841;2.2375;2.2125;2.2247;;;;
Latin America & the Caribbean (IDA & IBRD countries);TLA;Physicians (per 1,000 people);SH.MED.PHYS.ZS;;;;;;;;;;;;;;;;;;;;;;;;;;;;;;;1.17443357241196;;;;;;;;;;1.51950988054436;;;;;;;;;;1.81012512548732;;;;;;;2.16002651621549;
Timor-Leste;TLS;Physicians (per 1,000 people);SH.MED.PHYS.ZS;;;;;;;;;;;;;;;;;;;;;;;;;;;;;;;;;;;;;;;;;;;;;82;;;34;37;44;79;78;;0.6174;0.6821;0.6946;;0.7504;0.7224
Middle East & North Africa (IDA & IBRD countries);TMN;Physicians (per 1,000 people);SH.MED.PHYS.ZS;;;;;;;;;;;;;;;;;;;;;;;;;;;;;;;0.574874334962323;;;;;;;;;;1.21833821059471;;;;;;;;;;1.44185585755041;;;;;;;1.06874853442543;
Tonga;TON;Physicians (per 1,000 people);SH.MED.PHYS.ZS;375;;;;;;;;;;256;;;;;;;;;;362;602;0.6;;;;;;;492;;508;;;;;;0.44;;;499;0.3553;303;;;;;563;0.5513;0.5967;0.5577;;;0.5403;;;;;
South Asia (IDA & IBRD);TSA;Physicians (per 1,000 people);SH.MED.PHYS.ZS;;;;;;;;;;;;;;;;;;;;;;;;;;;;;;;1.0048669198583;;;;;;;;;;0.497980533813855;;;;;;;;;;0.641444189396657;;;;;;;0.835976883474639;
Sub-Saharan Africa (IDA & IBRD countries);TSS;Physicians (per 1,000 people);SH.MED.PHYS.ZS;;;;;;;;;;;;;;;;;;;;;;;;;;;;;;;0.136694351162335;;;;;;;;;;0.124788901803804;;;;;;;;;;0.149307426147006;;;;;;;0.234008300377124;
Trinidad and Tobago;TTO;Physicians (per 1,000 people);SH.MED.PHYS.ZS;418;;;;;262;;;;;445;;;;;454;;;;;726;673;;;1.043;;;;;;0.72;732;;658;788;0.9432;761;0.7533;0.9392;0.9265;1.0062;0.9704;0.8252;0.8087;;;1.2222;1.1792;;1.5081;1.8086;1.8193;;;;2.6498;;3.3646;4.1675
Tunisia;TUN;Physicians (per 1,000 people);SH.MED.PHYS.ZS;0.1;;;;;125;;;;;169;;;;;169;;;;;271;275;;;;;461;;;;0.5367;0.5339;592;0.5977;0.5959;0.6537;0.6665;688;717;0.7436;0.7668;793;0.8068;0.8234;1.33;0.9322;;1.0242;1.1074;;1.222;;;;1.2769;1.3108;1.2834;1.3025;
Turkey;TUR;Physicians (per 1,000 people);SH.MED.PHYS.ZS;0.3;0.3;0.4;0.4;0.3;0.4;0.4;0.4;0.4;0.4;;;;;;;;;;;;;;;;;;;;;0.9391;0.9935;1.0222;1.0776;1.1436;1.1597;1.1631;1.1851;1.2243;1.2789;1.3479;1.399;1.4114;1.4294;1.4492;1.4852;1.5195;1.5579;1.6068;1.6635;1.7068;1.716;1.7384;1.7619;1.756;1.7988;1.8142;1.8492;
Tuvalu;TUV;Physicians (per 1,000 people);SH.MED.PHYS.ZS;;;;;;;;;;;;;;;;;;;;;;;;;;;;;;;;;;;;;;;;;;;625;1.0204;;;;;0.9709;1.1538;1.091;;;;0.9174;;;;
Tanzania;TZA;Physicians (per 1,000 people);SH.MED.PHYS.ZS;55;0.04;;;;45;;;;;44;;;;;44;;;;;;;;;39;35;;39;;;;;;;42;41;;;;;;;0.0233;;;;;;;;8;;0.0315;;0.0603;;14;;
Uganda;UGA;Physicians (per 1,000 people);SH.MED.PHYS.ZS;74;;;;;0.09;;;;;108;;;;;108;;;;;;47;46;;44;;;;;45;;;;0.04;;;;;;;;;47;;0.0824;0.1214;;;;;117;;0.0975;;;0.0954;;168;
Ukraine;UKR;Physicians (per 1,000 people);SH.MED.PHYS.ZS;;;;;;;;;;;;;;;;;;;;;3.515;3.631;3.741;3.82;3.909;4.002;4.06;4.143;4.2;4.275;4.29;4.345;4.297;4.342;4.314;4.407;2.992;2.97;2.99;2.986;3.0295;3.0279;3.0188;3.0096;3.0161;3.0181;3.0838;3.0885;3.1177;3.4904;3.483;3.4842;3.491;3.4965;2.9923;;;;
Upper middle income;UMC;Physicians (per 1,000 people);SH.MED.PHYS.ZS;;;;;;;;;;;;;;;;;;;;;;;;;;;;;;;1.37403713963353;;;;;;;;;;1.40951892216481;;;;;;;;;;1.60793591161885;;;;;;;2.11996083205009;
Uruguay;URY;Physicians (per 1,000 people);SH.MED.PHYS.ZS;1.064;;;;;1.136;;;;;1.093;;;;;1.111;;;;;;1.997;;;1.926;1.947;;;;;3.68;;3.226;;;3.56;3.703;;;3.745;;;3.7234;;;;;4.181;3.951;;3.736;;;;;;3.9558;5.0794;
United States;USA;Physicians (per 1,000 people);SH.MED.PHYS.ZS;1.1;;;;;1.2;;;;;1.2;;;;;1.3;1.3;1.3;1.4;1.4;1.5;1.5;1.6;1.6;;;1.7;1.8;1.8;1.8;1.8;1.9;1.9;1.9;;2.4385;2;2.1;2.1;2.2;2.5942;2.2;2.3;;2.7147;2.4356;2.4285;2.4358;2.4412;2.4471;2.4354;2.4641;2.4985;2.5596;2.574;2.5781;2.5881;2.612;
Uzbekistan;UZB;Physicians (per 1,000 people);SH.MED.PHYS.ZS;;;;;;;;;;;;;;;;;;;;;2.669;;;;;2.694;3.255;3.319;;;3.3911;3.3804;3.3741;3.3447;3.3144;3.2558;3.1575;3.1047;3.0747;2.975;2.9628;2.909;2.8456;2.7816;2.721;2.6701;2.6515;2.6329;2.6048;2.5706;2.5432;2.5036;2.4451;2.4044;2.3742;;;;
St. Vincent and the Grenadines;VCT;Physicians (per 1,000 people);SH.MED.PHYS.ZS;0.1;;;;;;;;;;182;;;;;;;;;;;;;;266;;;;;;0.46;135;;;;0.46;;0.9361;;;0.8256;0.5746;;;0.9309;;;;;;0.6648;;;;;;;;
Venezuela, RB;VEN;Physicians (per 1,000 people);SH.MED.PHYS.ZS;666;;;;;815;;;;;883;;;;904;904;904;;;;0.83;996;833;;1.436;1.196;1.399;1.401;1.6;1.695;1.564;;;;;1.94;;;;;;1.9475;;;;;;;;;;;;;;;;;
British Virgin Islands;VGB;Physicians (per 1,000 people);SH.MED.PHYS.ZS;;;;;;;;;;;;;;;;;;;;;;;;;;;;;;;;;;;;;;;;;;;;;;;;;;;;;;;;;;;
Virgin Islands (U.S.);VIR;Physicians (per 1,000 people);SH.MED.PHYS.ZS;;;;;;;;;;;;;;;;;;;;;;;;;;;;;;;1.65;;;;;1.645;;;;;;;;;;;;;;;;;;;;;;;
Vietnam;VNM;Physicians (per 1,000 people);SH.MED.PHYS.ZS;;;;;;;;;;;;;;;;;;;;;241;247;;;;;1.056;;;391;404;407;437;;;;;569;0.48;515;;0.5242;0.5514;;;0.6139;0.6239;0.6415;0.6648;0.6982;0.71;1.152;0.8209;1.18;783;0.7963;0.8281;;
Vanuatu;VUT;Physicians (per 1,000 people);SH.MED.PHYS.ZS;277;;;;;;;;;;301;;;;;;;;;;191;189;;;;;204;;;125;;99;;;;;;0.1144;;;;;;;147;;;0.1185;0.1157;;116;;0.1844;;;;0.1653;;
World;WLD;Physicians (per 1,000 people);SH.MED.PHYS.ZS;;;;;;;;;;;;;;;;;;;;;;;;;;;;;;;1.29023776107524;;;;;;;;;;1.24421700020438;;;;;;;;;;1.3301089802136;;;;;;;1.56549802704816;
Samoa;WSM;Physicians (per 1,000 people);SH.MED.PHYS.ZS;441;;;;;;;;;;0.35;;;;;;;;;;361;404;;;;;0.28;;;207;;;365;;;;344;;0.33;0.6912;;;;0.2817;;0.2782;;;0.4637;;0.3443;;0.3808;0.4824;;;0.3445;;
Kosovo;XKX;Physicians (per 1,000 people);SH.MED.PHYS.ZS;;;;;;;;;;;;;;;;;;;;;;;;;;;;;;;;;;;;;;;;;;;;;;;;;;;;;;;;;;;
Yemen, Rep.;YEM;Physicians (per 1,000 people);SH.MED.PHYS.ZS;23;;;;;32;;;;;29;;;;;;;;;;;145;;;;171;;;;;7;;;;;247;0.23;0.2387;0.2;;;219;;;0.3449;;;;0.3156;0.3165;;;;;0.5251;;;;
South Africa;ZAF;Physicians (per 1,000 people);SH.MED.PHYS.ZS;;;;;;488;;;;;;;;;;539;;;551;;;;;;;;;613;;;;;624;;;;593;;;;;;;;0.7365;;;0.6988;0.6968;0.7074;0.7341;0.7179;0.7254;0.7422;0.7541;0.7814;0.7997;0.9054;
Zambia;ZMB;Physicians (per 1,000 people);SH.MED.PHYS.ZS;107;;;;;88;;;;;73;;;;;74;;;;;76;126;;0.14;;141;;;;;92;;;;;69;;;;;;;;;0.1298;0.0545;0.0533;;0.0619;0.0606;0.0614;0.1649;0.1658;;;;0.1628;;1.1867
Zimbabwe;ZWE;Physicians (per 1,000 people);SH.MED.PHYS.ZS;202;;;;;125;;;;;162;;;;;158;;;;;161;139;;;;;;135;;;0.1265;;;;;0.1428;;;;;0.1262;;57;;0.1735;0.1255;;0.0544;0.0596;121;0.1272;0.0817;0.0807;0.0834;124;0.1815;0.1788;0.1859;0.2096